Sex,Speaker,Vowel,IPA,F1,F2,F3,L1,L2,L3
m,1,oe,u,320,630,2560,6,13,48
m,1,aa,a,780,1300,2460,6,8,30
m,1,oo,o,500,940,2420,3,12,35
m,1,a,\as,720,1060,2420,3,8,27
m,1,eu,\o/,430,1580,2260,2,24,36
m,1,ie,i,280,2300,2780,14,22,27
m,1,uu,y,320,1680,2140,6,23,30
m,1,ee,e,420,2000,2620,5,20,23
m,1,u,\yc,420,1540,2380,4,19,24
m,1,e,\ep,600,1720,2700,3,17,29
m,1,o,\ct,520,1000,2520,4,13,31
m,1,i,\ic,350,2000,2520,7,19,18
m,2,oe,u,440,780,2600,7,20,35
m,2,aa,a,940,1300,2780,5,13,26
m,2,oo,o,500,740,2700,7,11,32
m,2,a,\as,800,1000,2480,11,11,31
m,2,eu,\o/,460,1500,2300,10,20,20
m,2,ie,i,320,2400,3040,9,28,27
m,2,uu,y,340,1600,2050,7,30,32
m,2,ee,e,420,2200,2650,4,10,12
m,2,u,\yc,540,1370,2320,6,23,31
m,2,e,\ep,760,1660,2600,8,13,18
m,2,o,\ct,560,800,2800,5,17,37
m,2,i,\ic,430,2030,2660,7,18,17
m,3,oe,u,280,740,2160,8,32,46
m,3,aa,a,860,1500,2580,7,13,19
m,3,oo,o,480,820,2280,4,11,33
m,3,a,\as,680,1020,2460,9,14,25
m,3,eu,\o/,360,1520,2080,5,16,21
m,3,ie,i,270,2040,2860,5,18,18
m,3,uu,y,280,1600,1900,5,16,21
m,3,ee,e,380,1940,2580,5,15,17
m,3,u,\yc,400,1520,2120,4,21,24
m,3,e,\ep,560,1840,2520,7,18,22
m,3,o,\ct,500,820,2520,3,11,30
m,3,i,\ic,350,2000,2660,4,15,19
m,4,oe,u,360,820,2220,6,11,30
m,4,aa,a,840,1300,2280,9,7,22
m,4,oo,o,500,900,2320,7,13,35
m,4,a,\as,680,1000,2480,12,12,27
m,4,eu,\o/,440,1320,2060,5,12,27
m,4,ie,i,240,2060,2580,5,20,23
m,4,uu,y,300,1540,2020,4,18,24
m,4,ee,e,460,1920,2460,7,18,17
m,4,u,\yc,480,1320,2200,6,15,22
m,4,e,\ep,660,1660,2340,7,16,21
m,4,o,\ct,500,800,2520,7,14,34
m,4,i,\ic,440,1920,2380,3,19,18
m,5,oe,u,440,880,2300,6,22,41
m,5,aa,a,820,1420,2180,6,7,28
m,5,oo,o,540,960,2460,4,10,28
m,5,a,\as,780,1040,2620,8,10,32
m,5,eu,\o/,540,1540,2160,2,17,19
m,5,ie,i,300,2300,2900,5,23,30
m,5,uu,y,360,1860,2200,2,15,15
m,5,ee,e,520,1960,2400,4,21,21
m,5,u,\yc,560,1440,2280,2,17,27
m,5,e,\ep,700,1720,2300,7,13,22
m,5,o,\ct,600,880,3000,5,5,25
m,5,i,\ic,560,1920,2400,5,22,25
m,6,oe,u,260,700,2550,3,24,45
m,6,aa,a,820,1460,2760,10,15,27
m,6,oo,o,450,900,2460,19,20,45
m,6,a,\as,700,1080,2660,13,22,32
m,6,eu,\o/,460,1750,2300,7,32,40
m,6,ie,i,240,2500,3000,3,33,37
m,6,uu,y,260,2100,2500,10,37,43
m,6,ee,e,300,2320,2860,8,26,26
m,6,u,\yc,440,1700,2660,7,27,32
m,6,e,\ep,560,2080,2840,12,15,16
m,6,o,\ct,550,900,2740,7,25,30
m,6,i,\ic,340,2340,3000,8,31,31
m,7,oe,u,280,860,2340,5,15,33
m,7,aa,a,800,1320,2540,7,14,26
m,7,oo,o,520,920,2600,8,15,33
m,7,a,\as,600,1000,2760,7,7,25
m,7,eu,\o/,450,1660,2260,7,20,24
m,7,ie,i,260,2340,2640,3,17,20
m,7,uu,y,280,1780,2160,3,25,29
m,7,ee,e,400,2040,2400,9,19,21
m,7,u,\yc,460,1560,2400,4,19,22
m,7,e,\ep,620,1760,2560,6,18,25
m,7,o,\ct,560,960,2760,9,16,33
m,7,i,\ic,340,2000,2600,6,14,18
m,8,oe,u,320,880,2200,6,16,40
m,8,aa,a,800,1160,2600,6,13,26
m,8,oo,o,560,980,2360,5,8,35
m,8,a,\as,700,1080,2540,10,14,34
m,8,eu,\o/,500,1480,2300,8,17,29
m,8,ie,i,280,2080,2620,3,27,27
m,8,uu,y,320,1760,2060,4,25,32
m,8,ee,e,400,1940,2540,9,17,22
m,8,u,\yc,400,1560,2280,6,18,28
m,8,e,\ep,540,1860,2540,4,14,19
m,8,o,\ct,560,920,2320,8,13,32
m,8,i,\ic,340,1960,2480,6,13,17
m,9,oe,u,300,680,2400,3,19,32
m,9,aa,a,860,1300,2660,12,18,26
m,9,oo,o,500,940,2500,3,13,33
m,9,a,\as,700,1120,2620,9,17,24
m,9,eu,\o/,500,1500,2280,3,17,22
m,9,ie,i,300,2380,2960,2,20,22
m,9,uu,y,300,1760,2160,1,19,23
m,9,ee,e,480,2100,2580,4,15,15
m,9,u,\yc,500,1580,2400,5,12,22
m,9,e,\ep,640,1700,2620,3,15,19
m,9,o,\ct,560,900,2940,4,8,31
m,9,i,\ic,400,2040,2600,7,17,19
m,10,oe,u,360,900,2220,11,21,46
m,10,aa,a,880,1400,2660,9,17,29
m,10,oo,o,460,940,2400,3,13,37
m,10,a,\as,660,1040,2660,5,5,31
m,10,eu,\o/,460,1580,2360,4,22,26
m,10,ie,i,340,2200,2920,14,30,26
m,10,uu,y,400,1880,2800,12,19,33
m,10,ee,e,460,2080,2800,4,18,17
m,10,u,\yc,460,1480,2260,5,27,31
m,10,e,\ep,600,1860,2640,7,18,23
m,10,o,\ct,520,860,2880,2,24,32
m,10,i,\ic,460,2100,2800,6,19,22
m,11,oe,u,320,830,2060,5,16,45
m,11,aa,a,820,1340,2200,7,9,26
m,11,oo,o,520,840,2040,7,13,31
m,11,a,\as,660,1060,2300,8,9,28
m,11,eu,\o/,440,1520,2040,7,16,22
m,11,ie,i,300,2100,2600,5,23,30
m,11,uu,y,300,1740,2040,2,17,19
m,11,ee,e,340,2040,2460,5,20,24
m,11,u,\yc,500,1440,2200,8,17,21
m,11,e,\ep,600,1760,2380,10,15,19
m,11,o,\ct,560,900,2300,9,10,28
m,11,i,\ic,300,1960,2400,7,22,24
m,12,oe,u,400,860,2700,7,15,46
m,12,aa,a,940,1520,3040,10,19,33
m,12,oo,o,580,1040,2960,5,17,42
m,12,a,\as,860,1280,3000,8,19,34
m,12,eu,\o/,480,1600,2620,7,15,32
m,12,ie,i,300,2500,2880,3,29,29
m,12,uu,y,300,1670,2350,3,31,39
m,12,ee,e,480,2220,2640,7,30,31
m,12,u,\yc,380,1600,2540,4,22,33
m,12,e,\ep,630,2140,2880,7,27,27
m,12,o,\ct,640,900,3000,8,13,39
m,12,i,\ic,360,2220,2780,5,23,31
m,13,oe,u,260,780,2460,5,20,44
m,13,aa,a,900,1560,2860,9,13,26
m,13,oo,o,440,850,2600,3,17,42
m,13,a,\as,860,1140,2820,10,12,30
m,13,eu,\o/,460,1580,2400,3,19,27
m,13,ie,i,260,2560,3240,3,28,34
m,13,uu,y,300,1960,2500,2,31,29
m,13,ee,e,460,2320,2960,6,25,27
m,13,u,\yc,460,1600,2460,6,22,30
m,13,e,\ep,680,2100,2940,14,19,25
m,13,o,\ct,540,800,2740,7,13,36
m,13,i,\ic,380,2500,2980,7,20,23
m,14,oe,u,340,720,2500,6,16,47
m,14,aa,a,900,1500,3020,10,13,33
m,14,oo,o,450,900,2700,4,16,42
m,14,a,\as,600,1000,2720,12,10,31
m,14,eu,\o/,420,1740,2560,8,21,25
m,14,ie,i,360,2500,3000,8,10,13
m,14,uu,y,360,1900,2420,6,16,12
m,14,ee,e,380,1780,2420,4,36,18
m,14,u,\yc,500,1640,2620,4,23,29
m,14,e,\ep,600,1940,2700,3,16,19
m,14,o,\ct,500,800,2800,3,10,38
m,14,i,\ic,400,2360,2740,7,13,27
m,15,oe,u,360,780,2320,5,23,50
m,15,aa,a,860,1420,2420,8,15,35
m,15,oo,o,440,840,2480,9,20,38
m,15,a,\as,660,980,2500,6,13,33
m,15,eu,\o/,460,1660,2200,2,21,31
m,15,ie,i,300,2360,2960,7,29,27
m,15,uu,y,320,1740,2220,2,28,30
m,15,ee,e,400,2240,2560,5,23,24
m,15,u,\yc,480,1420,2220,6,23,37
m,15,e,\ep,680,1640,2340,9,21,28
m,15,o,\ct,560,860,2780,4,15,44
m,15,i,\ic,440,2120,2500,2,22,23
m,16,oe,u,360,760,2300,7,23,52
m,16,aa,a,660,1000,2500,9,15,35
m,16,oo,o,500,920,2520,7,15,37
m,16,a,\as,780,1060,2380,5,9,38
m,16,eu,\o/,440,1560,2260,7,25,31
m,16,ie,i,280,2200,2880,7,43,38
m,16,uu,y,380,1720,2200,7,29,39
m,16,ee,e,360,2140,2620,3,26,28
m,16,u,\yc,360,1600,2400,4,26,33
m,16,e,\ep,520,1800,2480,8,32,35
m,16,o,\ct,540,920,2640,6,20,44
m,16,i,\ic,340,2080,2680,3,28,27
m,17,oe,u,400,820,2200,5,15,48
m,17,aa,a,1100,1480,2260,10,14,30
m,17,oo,o,520,940,2560,5,15,43
m,17,a,\as,660,940,2820,11,11,35
m,17,eu,\o/,500,1720,2400,5,19,23
m,17,ie,i,360,2300,3260,11,25,17
m,17,uu,y,360,2100,2420,10,19,20
m,17,ee,e,440,2360,2860,6,20,25
m,17,u,\yc,500,1760,2600,6,15,25
m,17,e,\ep,660,1840,2620,7,17,24
m,17,o,\ct,540,860,2860,3,9,41
m,17,i,\ic,400,2440,3000,5,28,30
m,18,oe,u,360,860,2520,6,15,35
m,18,aa,a,740,1300,2660,7,9,22
m,18,oo,o,460,800,2620,3,20,35
m,18,a,\as,740,1040,2800,15,13,30
m,18,eu,\o/,440,1400,2200,4,21,25
m,18,ie,i,340,2040,2500,6,18,20
m,18,uu,y,340,1340,2040,3,15,25
m,18,ee,e,420,1760,2420,6,18,21
m,18,u,\yc,460,1380,2200,6,20,22
m,18,e,\ep,560,1640,2400,9,13,19
m,18,o,\ct,540,920,2520,9,10,23
m,18,i,\ic,400,1800,2400,8,19,21
m,19,oe,u,320,840,2360,5,20,45
m,19,aa,a,780,1140,2740,8,15,36
m,19,oo,o,460,1020,2700,6,11,43
m,19,a,\as,800,1100,2720,15,17,42
m,19,eu,\o/,440,1500,2500,5,23,37
m,19,ie,i,260,2000,2680,4,39,40
m,19,uu,y,300,1540,2100,5,33,42
m,19,ee,e,400,1900,2680,6,25,34
m,19,u,\yc,440,1500,2400,4,26,42
m,19,e,\ep,600,1700,2640,18,33,40
m,19,o,\ct,500,800,3000,5,20,47
m,19,i,\ic,400,2000,2500,5,27,37
m,20,oe,u,400,960,2400,10,16,37
m,20,aa,a,800,1220,2380,7,13,25
m,20,oo,o,500,1080,2500,10,14,31
m,20,a,\as,780,1100,2600,10,11,30
m,20,eu,\o/,400,1480,2380,8,20,25
m,20,ie,i,280,2380,2720,6,23,24
m,20,uu,y,300,1760,2220,5,14,22
m,20,ee,e,400,2000,2600,4,20,24
m,20,u,\yc,440,1500,2440,4,15,20
m,20,e,\ep,440,1800,2620,12,18,22
m,20,o,\ct,460,860,2600,12,13,33
m,20,i,\ic,400,2040,2640,3,18,23
m,21,oe,u,300,700,2100,3,15,37
m,21,aa,a,800,1100,2300,11,15,30
m,21,oo,o,420,700,2440,5,12,33
m,21,a,\as,660,920,2520,6,9,32
m,21,eu,\o/,400,1300,2000,2,22,30
m,21,ie,i,300,1940,2620,5,25,24
m,21,uu,y,260,1920,2900,4,21,31
m,21,ee,e,300,1900,2340,4,20,24
m,21,u,\yc,400,1200,2000,4,20,29
m,21,e,\ep,540,1500,2280,4,15,22
m,21,o,\ct,400,740,2580,3,11,34
m,21,i,\ic,300,1900,2380,2,20,20
m,22,oe,u,400,780,2500,6,14,40
m,22,aa,a,760,1260,2620,6,14,30
m,22,oo,o,540,860,2600,4,7,34
m,22,a,\as,660,1100,2460,9,12,30
m,22,eu,\o/,540,1460,2260,5,12,20
m,22,ie,i,300,2300,2800,7,20,17
m,22,uu,y,300,1980,2900,6,14,32
m,22,ee,e,420,2100,2600,4,17,21
m,22,u,\yc,500,1440,2300,4,18,26
m,22,e,\ep,540,1900,2600,10,20,22
m,22,o,\ct,550,900,3000,5,11,34
m,22,i,\ic,300,2200,2700,6,14,20
m,23,oe,u,360,900,2140,3,14,37
m,23,aa,a,800,1250,2650,12,13,26
m,23,oo,o,520,960,2200,5,7,28
m,23,a,\as,760,1120,2700,12,10,29
m,23,eu,\o/,400,1500,2160,7,20,30
m,23,ie,i,300,2260,3000,4,18,17
m,23,uu,y,320,1800,2500,6,17,32
m,23,ee,e,460,2020,2800,3,10,16
m,23,u,\yc,500,1500,2300,7,15,23
m,23,e,\ep,640,1600,2500,8,22,32
m,23,o,\ct,550,940,2420,7,12,40
m,23,i,\ic,460,2100,2880,2,21,24
m,24,oe,u,360,860,2460,4,15,33
m,24,aa,a,840,1400,2500,5,8,20
m,24,oo,o,460,900,2520,1,8,31
m,24,a,\as,620,1020,2770,7,6,26
m,24,eu,\o/,410,1460,2360,2,11,18
m,24,ie,i,270,2140,2580,2,15,21
m,24,uu,y,300,1870,2300,1,11,16
m,24,ee,e,360,2000,2520,2,17,19
m,24,u,\yc,400,1520,2400,2,12,17
m,24,e,\ep,600,1600,2580,3,12,20
m,24,o,\ct,500,900,2700,2,11,33
m,24,i,\ic,360,1940,2550,1,19,21
m,25,oe,u,360,860,2200,8,22,46
m,25,aa,a,880,1240,2400,7,14,25
m,25,oo,o,460,920,3300,2,11,40
m,25,a,\as,600,1000,2600,4,7,32
m,25,eu,\o/,400,1440,2160,2,31,37
m,25,ie,i,360,2240,2760,6,23,21
m,25,uu,y,380,1660,2000,13,16,26
m,25,ee,e,460,2000,2520,5,23,32
m,25,u,\yc,460,1500,2300,7,17,25
m,25,e,\ep,540,1700,2460,10,22,35
m,25,o,\ct,540,1000,2600,8,13,40
m,25,i,\ic,340,2040,2580,9,27,30
m,26,oe,u,400,800,2500,6,23,42
m,26,aa,a,960,1300,2640,9,8,29
m,26,oo,o,460,860,2460,7,16,39
m,26,a,\as,740,1140,2400,9,10,30
m,26,eu,\o/,400,1600,2400,6,21,25
m,26,ie,i,360,2500,2840,10,19,20
m,26,uu,y,360,1800,2400,8,21,27
m,26,ee,e,360,2080,2680,5,14,16
m,26,u,\yc,400,1620,2440,5,15,21
m,26,e,\ep,600,1940,2600,5,13,23
m,26,o,\ct,560,980,2900,5,13,32
m,26,i,\ic,400,2060,2540,5,21,21
m,27,oe,u,300,900,2300,3,15,38
m,27,aa,a,780,1300,2400,9,18,32
m,27,oo,o,550,1000,2480,5,10,35
m,27,a,\as,680,1050,2550,5,10,35
m,27,eu,\o/,520,1480,2400,5,16,27
m,27,ie,i,260,2180,2560,1,30,30
m,27,uu,y,250,1720,2220,1,26,32
m,27,ee,e,360,2100,2650,4,31,25
m,27,u,\yc,440,1440,2440,4,21,26
m,27,e,\ep,600,1600,2500,5,15,27
m,27,o,\ct,560,950,2700,3,10,40
m,27,i,\ic,360,1900,2600,3,26,31
m,28,oe,u,280,740,2500,3,20,45
m,28,aa,a,780,1300,2840,4,12,25
m,28,oo,o,440,860,2860,5,13,41
m,28,a,\as,440,700,3040,9,10,37
m,28,eu,\o/,450,1520,2320,2,25,30
m,28,ie,i,220,2340,2960,1,35,36
m,28,uu,y,240,1800,2140,3,36,37
m,28,ee,e,300,2200,2600,4,28,33
m,28,u,\yc,440,1500,2480,3,26,37
m,28,e,\ep,500,1660,2620,10,30,38
m,28,o,\ct,420,700,3000,4,12,35
m,28,i,\ic,300,2140,2760,6,32,31
m,29,oe,u,340,660,2320,4,13,37
m,29,aa,a,640,1250,2480,10,16,29
m,29,oo,o,560,1000,2480,10,14,31
m,29,a,\as,720,1150,2600,10,13,26
m,29,eu,\o/,480,1400,2160,9,22,28
m,29,ie,i,300,2040,2640,5,20,22
m,29,uu,y,280,1540,1960,3,21,23
m,29,ee,e,460,1760,2320,7,19,20
m,29,u,\yc,440,1550,2200,8,16,23
m,29,e,\ep,480,1660,1960,10,16,23
m,29,o,\ct,480,840,2840,9,12,28
m,29,i,\ic,400,1780,2360,7,20,23
m,30,oe,u,360,800,2540,1,11,40
m,30,aa,a,600,1300,2600,6,8,27
m,30,oo,o,500,860,2440,2,7,36
m,30,a,\as,750,1140,2640,4,9,30
m,30,eu,\o/,460,1400,2340,1,23,28
m,30,ie,i,340,2300,2620,2,26,25
m,30,uu,y,300,1540,2300,5,25,35
m,30,ee,e,440,2000,2540,1,14,19
m,30,u,\yc,440,1360,2360,1,19,26
m,30,e,\ep,620,1840,2560,3,18,23
m,30,o,\ct,520,820,2680,2,7,34
m,30,i,\ic,420,2000,2640,1,20,25
m,31,oe,u,340,740,2240,5,15,44
m,31,aa,a,820,1200,2250,5,17,40
m,31,oo,o,440,820,2540,3,13,37
m,31,a,\as,760,1060,2340,8,15,42
m,31,eu,\o/,460,1540,2380,3,21,25
m,31,ie,i,280,2260,2620,8,31,32
m,31,uu,y,300,1800,2220,6,36,37
m,31,ee,e,460,1900,2260,3,34,31
m,31,u,\yc,380,1540,2400,15,36,40
m,31,e,\ep,500,1740,2400,4,26,39
m,31,o,\ct,460,840,2580,7,28,35
m,31,i,\ic,320,2100,2460,7,30,27
m,32,oe,u,360,900,2200,5,18,39
m,32,aa,a,640,1280,2340,7,15,26
m,32,oo,o,460,920,2360,7,14,33
m,32,a,\as,720,1200,2580,11,14,26
m,32,eu,\o/,420,1520,2260,6,17,23
m,32,ie,i,400,2000,2560,5,15,20
m,32,uu,y,380,1700,2100,6,18,21
m,32,ee,e,440,1740,2420,4,14,17
m,32,u,\yc,500,1520,2440,5,14,21
m,32,e,\ep,580,1540,2460,5,12,24
m,32,o,\ct,580,1020,2700,9,13,30
m,32,i,\ic,460,1720,2400,7,22,20
m,33,oe,u,400,700,2600,4,17,45
m,33,aa,a,900,1440,2600,10,17,36
m,33,oo,o,460,860,2600,7,18,45
m,33,a,\as,680,1000,2200,7,13,39
m,33,eu,\o/,460,1600,2540,5,28,37
m,33,ie,i,300,2260,2880,7,28,26
m,33,uu,y,320,1860,2200,7,22,28
m,33,ee,e,440,2180,2660,3,24,28
m,33,u,\yc,380,1560,2360,8,26,33
m,33,e,\ep,620,1720,2060,6,21,28
m,33,o,\ct,600,860,2900,12,18,37
m,33,i,\ic,440,2040,2600,4,26,30
m,34,oe,u,370,900,2230,3,17,35
m,34,aa,a,700,1200,2580,12,17,30
m,34,oo,o,500,840,2460,4,13,37
m,34,a,\as,720,1080,2640,7,13,37
m,34,eu,\o/,440,1300,2220,4,20,31
m,34,ie,i,300,2040,2580,7,25,25
m,34,uu,y,320,1540,2080,8,21,23
m,34,ee,e,380,1860,2450,7,24,33
m,34,u,\yc,460,1200,2360,3,20,30
m,34,e,\ep,580,1500,2380,9,22,25
m,34,o,\ct,480,820,2580,8,15,32
m,34,i,\ic,400,1800,2360,6,23,26
m,35,oe,u,280,1040,2340,7,26,41
m,35,aa,a,820,1300,2760,10,15,32
m,35,oo,o,440,1220,2580,6,18,29
m,35,a,\as,600,1040,2540,8,13,27
m,35,eu,\o/,420,1560,2480,6,22,26
m,35,ie,i,300,2160,2700,5,29,30
m,35,uu,y,250,1760,2320,9,30,38
m,35,ee,e,440,1940,2550,5,25,28
m,35,u,\yc,400,1600,2460,8,26,29
m,35,e,\ep,580,1820,2460,5,23,30
m,35,o,\ct,460,860,2660,5,21,37
m,35,i,\ic,400,2100,2640,8,27,27
m,36,oe,u,360,740,2160,2,21,40
m,36,aa,a,660,1260,2540,10,18,21
m,36,oo,o,500,900,2600,9,20,30
m,36,a,\as,640,1000,2880,11,17,29
m,36,eu,\o/,460,1300,2140,8,19,25
m,36,ie,i,300,1900,2580,11,18,22
m,36,uu,y,320,1660,2060,9,17,20
m,36,ee,e,400,1780,2320,8,20,21
m,36,u,\yc,380,1360,2200,6,20,25
m,36,e,\ep,540,1600,2260,8,21,22
m,36,o,\ct,540,860,2720,7,20,32
m,36,i,\ic,400,1740,2340,5,22,23
m,37,oe,u,300,900,2140,5,21,39
m,37,aa,a,700,1240,2460,10,18,28
m,37,oo,o,480,960,2140,4,12,32
m,37,a,\as,640,1120,2480,9,14,32
m,37,eu,\o/,460,1520,2160,4,18,25
m,37,ie,i,320,2120,2600,10,20,26
m,37,uu,y,320,1800,2200,8,25,27
m,37,ee,e,320,1920,2460,8,21,27
m,37,u,\yc,480,1460,2260,5,22,27
m,37,e,\ep,600,1600,2480,7,17,24
m,37,o,\ct,500,950,2450,4,14,38
m,37,i,\ic,460,1820,2480,6,18,26
m,38,oe,u,320,760,2080,11,23,41
m,38,aa,a,840,1180,2700,13,20,37
m,38,oo,o,500,920,2400,13,17,37
m,38,a,\as,660,1060,2700,13,17,36
m,38,eu,\o/,440,1400,2220,5,32,37
m,38,ie,i,280,2240,2700,14,29,35
m,38,uu,y,300,1640,2080,12,31,31
m,38,ee,e,440,2040,2600,11,19,24
m,38,u,\yc,400,1460,2160,8,32,38
m,38,e,\ep,580,1700,1900,13,26,26
m,38,o,\ct,500,840,2920,10,18,40
m,38,i,\ic,360,2060,2440,7,21,27
m,39,oe,u,320,760,2480,9,21,46
m,39,aa,a,700,1420,2680,9,16,31
m,39,oo,o,500,940,2500,4,16,41
m,39,a,\as,700,1060,2720,8,10,38
m,39,eu,\o/,440,1580,2260,11,34,39
m,39,ie,i,260,2200,2700,5,29,32
m,39,uu,y,200,1600,2060,7,33,34
m,39,ee,e,400,2200,2600,13,29,31
m,39,u,\yc,380,1500,2220,8,25,37
m,39,e,\ep,540,1750,2420,8,23,32
m,39,o,\ct,520,820,2560,10,19,43
m,39,i,\ic,400,1700,2320,3,38,23
m,40,oe,u,300,680,1920,7,28,48
m,40,aa,a,740,1200,2550,8,10,24
m,40,oo,o,420,860,2420,7,17,37
m,40,a,\as,640,1120,2500,12,17,37
m,40,eu,\o/,360,1500,2180,3,27,35
m,40,ie,i,280,2160,2920,4,27,31
m,40,uu,y,260,1560,2050,2,26,27
m,40,ee,e,360,2020,2500,4,26,28
m,40,u,\yc,440,1400,2320,4,21,32
m,40,e,\ep,460,1660,2460,5,19,27
m,40,o,\ct,500,840,2580,6,14,35
m,40,i,\ic,360,1920,2560,3,31,31
m,41,oe,u,360,880,2320,2,12,43
m,41,aa,a,840,1200,2500,12,17,37
m,41,oo,o,580,1060,2300,11,10,32
m,41,a,\as,580,1100,2680,8,12,33
m,41,eu,\o/,560,1600,2200,9,22,27
m,41,ie,i,300,2260,2800,5,25,26
m,41,uu,y,320,1760,2100,5,23,25
m,41,ee,e,500,2020,2660,5,17,21
m,41,u,\yc,420,1520,2320,1,20,28
m,41,e,\ep,700,1800,2620,8,17,22
m,41,o,\ct,540,860,2720,7,13,35
m,41,i,\ic,420,2080,2600,4,21,25
m,42,oe,u,420,800,2400,5,15,40
m,42,aa,a,800,1400,2900,9,16,41
m,42,oo,o,420,820,2480,5,8,40
m,42,a,\as,600,1200,2760,6,12,34
m,42,eu,\o/,400,1560,2120,2,20,31
m,42,ie,i,320,2360,2820,8,25,27
m,42,uu,y,340,1680,2240,9,19,35
m,42,ee,e,400,2180,2760,2,19,20
m,42,u,\yc,400,1440,2360,3,15,26
m,42,e,\ep,700,1700,2340,11,18,29
m,42,o,\ct,500,780,2840,7,14,38
m,42,i,\ic,380,2120,2720,2,21,25
m,43,oe,u,300,760,2020,3,16,38
m,43,aa,a,740,1200,2360,8,15,29
m,43,oo,o,460,860,2200,8,12,39
m,43,a,\as,620,900,2500,8,12,27
m,43,eu,\o/,400,1340,2100,7,20,31
m,43,ie,i,240,2000,2340,2,22,28
m,43,uu,y,240,1580,1860,3,16,24
m,43,ee,e,360,1640,2080,5,19,26
m,43,u,\yc,400,1340,2060,3,16,28
m,43,e,\ep,580,1400,2120,6,13,24
m,43,o,\ct,500,800,2460,6,6,31
m,43,i,\ic,440,1720,2100,7,19,24
m,44,oe,u,260,800,2400,3,16,48
m,44,aa,a,780,1300,2700,6,14,28
m,44,oo,o,480,900,2500,5,8,35
m,44,a,\as,620,1000,2820,5,9,28
m,44,eu,\o/,420,1400,2300,3,18,29
m,44,ie,i,240,2040,2680,1,31,28
m,44,uu,y,260,1580,2260,3,31,28
m,44,ee,e,380,2000,2600,5,29,26
m,44,u,\yc,420,1420,2400,2,21,26
m,44,e,\ep,540,1640,2440,5,19,26
m,44,o,\ct,480,840,2800,6,13,32
m,44,i,\ic,280,1960,2560,5,27,28
m,45,oe,u,300,840,3060,3,10,38
m,45,aa,a,800,1220,2280,6,10,26
m,45,oo,o,500,920,2120,6,8,31
m,45,a,\as,700,1020,2600,3,11,28
m,45,eu,\o/,400,1260,2020,6,17,24
m,45,ie,i,260,1960,2440,1,22,22
m,45,uu,y,300,1480,1940,2,18,22
m,45,ee,e,440,1880,2380,6,17,17
m,45,u,\yc,320,1400,2140,5,18,27
m,45,e,\ep,500,1560,2300,7,18,22
m,45,o,\ct,540,780,2400,8,13,34
m,45,i,\ic,360,1860,2300,4,20,21
m,46,oe,u,320,860,2380,3,19,41
m,46,aa,a,660,1400,2540,11,20,27
m,46,oo,o,520,940,2580,7,11,34
m,46,a,\as,700,1040,2720,4,8,23
m,46,eu,\o/,400,1600,2280,2,27,29
m,46,ie,i,320,2340,3140,3,33,29
m,46,uu,y,300,1860,2160,2,25,25
m,46,ee,e,420,2200,2760,1,17,23
m,46,u,\yc,460,2320,3360,2,33,37
m,46,e,\ep,500,2100,2760,6,23,38
m,46,o,\ct,600,920,2700,8,17,29
m,46,i,\ic,420,2200,2740,3,30,32
m,47,oe,u,360,800,2120,3,18,33
m,47,aa,a,700,1220,2760,6,13,27
m,47,oo,o,540,940,2640,2,8,33
m,47,a,\as,620,1080,2800,4,10,33
m,47,eu,\o/,500,1400,2200,6,18,25
m,47,ie,i,320,2240,2940,2,22,27
m,47,uu,y,320,1800,2100,1,26,27
m,47,ee,e,420,2040,2400,3,19,24
m,47,u,\yc,460,1440,2140,1,13,25
m,47,e,\ep,600,1600,2520,6,13,27
m,47,o,\ct,560,700,2780,5,11,31
m,47,i,\ic,440,1920,2560,3,22,24
m,48,oe,u,300,760,1900,3,17,42
m,48,aa,a,800,1260,2740,7,10,28
m,48,oo,o,460,840,1840,4,13,38
m,48,a,\as,540,900,2400,10,14,28
m,48,eu,\o/,420,1380,2100,2,16,29
m,48,ie,i,220,2080,2900,2,28,21
m,48,uu,y,220,1760,2120,1,22,25
m,48,ee,e,440,2060,2780,1,19,21
m,48,u,\yc,440,1440,2560,3,19,31
m,48,e,\ep,580,1400,2100,5,15,22
m,48,o,\ct,520,900,2300,3,10,32
m,48,i,\ic,420,1720,2720,6,22,21
m,49,oe,u,320,1000,2220,3,24,43
m,49,aa,a,700,1280,2500,3,13,30
m,49,oo,o,460,1060,2380,4,13,31
m,49,a,\as,620,1100,2840,10,18,33
m,49,eu,\o/,340,1440,2260,4,21,30
m,49,ie,i,280,2140,2580,3,31,32
m,49,uu,y,280,1820,2220,2,36,35
m,49,ee,e,340,2100,2500,2,29,31
m,49,u,\yc,380,1460,2400,2,26,38
m,49,e,\ep,500,1640,2500,7,27,31
m,49,o,\ct,500,960,2720,4,17,31
m,49,i,\ic,420,1960,2700,1,32,32
m,50,oe,u,340,780,2020,11,22,36
m,50,aa,a,660,1220,2500,9,14,22
m,50,oo,o,420,760,2440,2,17,33
m,50,a,\as,560,1000,2600,6,13,25
m,50,eu,\o/,400,1320,2120,8,18,21
m,50,ie,i,300,1860,2440,6,22,22
m,50,uu,y,280,1600,1900,6,16,19
m,50,ee,e,340,1740,2260,3,12,17
m,50,u,\yc,400,1360,2160,4,16,22
m,50,e,\ep,520,1580,2240,2,12,16
m,50,o,\ct,380,800,2560,7,11,25
m,50,i,\ic,360,1740,2260,5,14,17
