source,record_level,gender,ipa,n_speakers,n_tokens,aggregation,bootstrap_seed,bootstrap_replicates,confidence,f0_hz,f0_hz_ci_low,f0_hz_ci_high,f1_hz,f1_hz_ci_low,f1_hz_ci_high,f2_hz,f2_hz_ci_low,f2_hz_ci_high,f3_hz,f3_hz_ci_low,f3_hz_ci_high,b1_hz,b1_hz_ci_low,b1_hz_ci_high,b2_hz,b2_hz_ci_low,b2_hz_ci_high,b3_hz,b3_hz_ci_low,b3_hz_ci_high
gender_formants,group_summary,female,ɪ,30,4354,median of per-speaker medians,0,1000,0.95,190.53192810497742,178.56716266702446,201.90113737041398,410.52730784023487,387.59955779086874,428.7574472123447,2364.1843547505878,2270.0724709400374,2400.1378362315536,2942.647446667128,2840.752836751215,3068.274909724379,94.36758785538936,82.40321148922108,108.80444131424828,219.6711337985123,200.10639670276814,264.88023743208873,277.2288704402966,251.84003134740396,316.2857379177447
gender_formants,group_summary,female,ɛ,25,4601,median of per-speaker medians,0,1000,0.95,179.00481536413076,171.9834761082788,187.1693439957437,607.5161976666852,567.1125283643355,642.2521523978157,1906.3727407975387,1869.9562986416458,1996.8246542722113,2774.2239360247577,2738.4695978238547,2862.775308483585,201.13265047471992,180.36152404331006,215.4175571512737,220.8705159567351,202.03190047272295,273.0122336534928,274.02465166910383,247.19051993439342,322.5748267727963
gender_formants,group_summary,female,ɑ,19,4398,median of per-speaker medians,0,1000,0.95,181.9022261507025,166.68321879191365,188.50409477900337,687.7791878832227,606.2236644049448,752.6527094378056,1200.3518734607387,1162.7275386126776,1264.3200745375552,2809.6453728161046,2742.6340814689947,2898.0451786910603,285.0558251989907,245.64305569961496,328.51839142075096,155.4499271812304,148.4917894276428,204.18237525012515,302.6245948805182,254.26067932356213,336.3818333610422
gender_formants,group_summary,female,ɔ,28,4061,median of per-speaker medians,0,1000,0.95,186.01119312177963,174.1000565021462,194.55293553538573,510.2348376953205,475.2020100495818,533.5729696285939,969.8513625193066,947.6073549780215,992.0292062693686,2925.7219931087225,2854.547630782985,2991.345398629631,187.97280739222438,146.56239137781418,225.70376198231003,145.47899417288204,120.06377824942746,176.291943299842,358.4953133870665,274.65079894647226,380.6219235556289
gender_formants,group_summary,female,ʉ,177,5827,median of per-speaker medians,0,1000,0.95,189.37042810450413,186.73046176843906,195.21829821872103,414.7630393199297,410.503436970219,424.0318879492709,1626.0892089833794,1613.8121041351283,1643.2762580882654,2660.555008005293,2648.597027771155,2705.3582059641903,96.78794278895153,89.74145801853467,106.50796420404349,189.3650184145662,181.74307965052708,201.52058810734897,300.2500094826561,266.59762837773866,319.50329526085244
gender_formants,group_summary,female,iː,32,4360,median of per-speaker medians,0,1000,0.95,191.93578295993234,184.71489271095447,197.7475330113954,306.82245668529765,290.4684850277289,318.3532664205989,2570.791107660243,2528.89407634637,2607.762260464928,3042.5872756127146,2988.3827739626367,3131.44079457059,66.40348683725877,59.57582178202189,82.0349321704814,246.56650027820237,190.86191917760723,268.4092844139163,367.6891392254391,336.3894822955665,382.22227155602707
gender_formants,group_summary,female,eː,25,4415,median of per-speaker medians,0,1000,0.95,184.0084671832961,176.2206474662106,189.02470581852128,415.67847698396173,397.2005695113748,446.1593358778681,2411.1161397140127,2360.722532377687,2499.4841208573603,2905.867447216056,2819.3275332532176,3033.722616952866,86.25220260127922,72.83725307513747,108.70292896585161,221.36773241598652,190.26982686008608,301.6049295788581,324.2497048005854,300.007734294922,344.2139741488087
gender_formants,group_summary,female,aː,22,4695,median of per-speaker medians,0,1000,0.95,175.31634224672615,167.08119472349847,182.8617558768534,854.1510907465329,767.301700755917,897.675889383539,1548.452438430636,1515.6740343594554,1602.4368267367909,2606.594555959264,2558.482497878602,2683.68324756311,299.306755046734,253.15111142850122,345.3352827846062,231.7030884936604,215.3336611502033,287.4637852855566,310.1476890428738,265.9667868628213,342.5057206027926
gender_formants,group_summary,female,oː,28,4199,median of per-speaker medians,0,1000,0.95,183.85516051412378,174.8864542179962,189.82727636519024,462.3346926260841,442.8544448323948,496.19334183754097,956.8125080852813,925.7584636374893,992.11078066542,2724.0184566139233,2665.735417049722,2800.4476968190233,153.42325457076174,107.49392274340639,188.1079403041026,88.31912308360147,75.767729466513,117.64342226704116,296.51027346636454,238.07223775808635,362.03017563853393
gender_formants,group_summary,female,uː,73,4453,median of per-speaker medians,0,1000,0.95,201.25497681942585,195.4557601174249,208.9767007798152,348.0331074045177,341.69169920021415,358.3254785286716,974.4761830345651,948.3374819920348,989.1589926630584,2805.7390437415734,2772.830254916208,2875.2415860728215,125.06628568167021,114.85719418732597,141.11241251151338,197.77475290341079,173.06422251370174,227.97350087269047,411.68007847791705,356.9067210892697,472.4054876770291
gender_formants,group_summary,female,ə,11,5005,median of per-speaker medians,0,1000,0.95,169.10677274242033,161.58077642430888,205.71666146747106,397.72329092019925,349.9684813542699,449.73373727517713,1681.2482361578109,1645.0294115042234,1782.002807203095,2892.2648895805833,2788.45604789403,2967.376918604489,150.49750257042743,144.3331203506889,216.43487274519003,255.9969539155269,189.1422840875949,313.8044755109823,324.83847522285265,219.10346963804028,395.21393789687374
gender_formants,group_summary,male,ɪ,39,8542,median of per-speaker medians,0,1000,0.95,118.53024155691358,110.13917734219189,128.78007633975488,367.28195418026706,359.85021122463434,377.23829261130294,1913.749574306827,1887.7163911728421,1959.0621856097564,2538.951040760847,2481.7339973184744,2575.636312538169,74.57565891462912,66.68333769960572,101.6005562016411,161.99094393342443,147.08305217596947,187.23975217685341,242.29850571187941,207.4043939104768,273.5757327633818
gender_formants,group_summary,male,ɛ,34,8167,median of per-speaker medians,0,1000,0.95,112.66496145016413,108.57576565125336,120.6804984814852,515.8003988226561,497.3448949010964,521.0159631926527,1623.2371348581605,1588.4550577458976,1692.8392763339311,2430.205806852763,2370.722003219623,2474.8036793546717,128.0704826897008,118.35872560827205,141.3962905813287,125.54887241724214,113.59566585538951,138.13918732811834,263.75742543938424,229.53844892169002,299.5557937222774
gender_formants,group_summary,male,ɑ,28,8464,median of per-speaker medians,0,1000,0.95,114.75471376393573,107.86933743109378,124.98618942113706,587.0645044898308,568.7865206839956,599.5683264894628,1081.5044993237818,1051.1867748975103,1098.5205551181286,2450.319817730866,2382.648053251853,2535.507870255068,169.82550289109756,146.33115405233713,217.4578095495957,130.22102213843579,106.94112526551991,157.90791598505007,248.61788199163104,221.52453228453533,285.7512794599908
gender_formants,group_summary,male,ɔ,38,8738,median of per-speaker medians,0,1000,0.95,119.37435718657531,114.46834648948273,127.64837152215752,468.4041354530972,453.7500436593107,491.1707518606829,846.9869705599499,815.0966250889082,893.9747486021844,2576.1546961974473,2490.664738190036,2614.0092789248138,154.28161601519486,127.16251076898297,178.7493490659246,192.696151526332,167.02031872042298,226.22457720691736,257.28181868788323,239.6239012155932,306.0100969686159
gender_formants,group_summary,male,ʉ,158,7503,median of per-speaker medians,0,1000,0.95,123.38697818701354,120.89640251361257,128.472625488819,384.4094320362922,380.5759657539938,390.86553086330014,1438.8925693259512,1428.95299926397,1454.6208812081065,2352.8937997855087,2325.2551737562435,2362.9341153859923,95.29113645308456,83.60608278137025,108.207211588774,142.47436350782618,131.5295060566264,152.24101104923824,230.5366570568417,211.5358182945397,247.96329250052864
gender_formants,group_summary,male,iː,42,9019,median of per-speaker medians,0,1000,0.95,118.52581070703809,113.99509157248137,129.99643244475567,281.38599269416994,276.9114918750315,287.2897102407977,2145.096486633145,2132.684346312272,2212.6985594515763,2640.8084925526646,2594.0871620249313,2678.5745582847217,53.937456116944475,48.92192685342637,65.75793080278255,181.39050659315257,161.7305202134963,239.58684818879516,308.8038726521828,282.2014754191114,335.8365692692842
gender_formants,group_summary,male,eː,34,9007,median of per-speaker medians,0,1000,0.95,116.10184368131857,110.58622738166127,126.3910453707878,394.5972035152907,385.5793145673903,407.0202999847671,1979.2819647850329,1938.245847990286,2012.4249516994735,2515.3239339859974,2471.4915442410875,2550.8848405612052,67.52128510316675,56.321337328739176,88.12652966253067,161.19543771618146,137.88511234915245,173.758070122866,281.96236236470895,236.27734162431642,304.6017429591423
gender_formants,group_summary,male,aː,32,8550,median of per-speaker medians,0,1000,0.95,108.4837633742666,101.96686954794377,114.08220408651859,676.4940144971749,644.817817668825,711.1678642136208,1337.448955850727,1299.3059701546158,1377.7639961901125,2336.6391730009154,2236.463472256658,2426.952369771027,259.2183246422416,200.90409006105722,278.333548741555,133.61064612014002,113.4648163047948,153.7496420185015,312.8399768853078,279.74421507322927,368.64195961016816
gender_formants,group_summary,male,oː,38,9185,median of per-speaker medians,0,1000,0.95,115.47961553467285,109.28353341804991,124.10745849628262,444.13801369110195,434.80350598218706,456.6846912639837,896.0818425019138,888.0545473262373,909.0645408535136,2378.3717537960474,2313.352416797505,2436.159421032617,108.18354164142374,96.51927915188557,155.21669597509347,127.54639593484868,118.49103034111143,151.9330283165138,214.7368295031435,193.83760660049427,268.358797872188
gender_formants,group_summary,male,uː,92,8989,median of per-speaker medians,0,1000,0.95,130.21594243997492,125.4251254736093,133.7463288901955,323.1827336787477,316.139392154777,329.08300928221445,896.2903364066228,888.4691526868877,918.016260781609,2424.998217879056,2394.508761213935,2459.96960391307,121.7769225263067,109.99731364782622,140.63157820323715,232.02020583444306,213.28254611564336,258.1398227763234,281.55337534865157,263.99920374209717,297.1895308072909
gender_formants,group_summary,male,ə,16,7252,median of per-speaker medians,0,1000,0.95,100.68757283096208,96.8203714700376,107.90819816450683,370.6495051563271,360.6623628898558,383.18544259929115,1455.044499419211,1411.9855277560284,1504.7592531553912,2513.854223330196,2402.7097308909642,2564.4077933050203,146.50054110200276,99.71893188721542,181.03954513939078,164.9701962244764,138.5423734581844,214.72602661159107,271.95563438329566,167.23380562806864,325.20661880881823
